year,Java,JavaScript,Julia,Kotlin,Lua,Matlab,Objective-C,Perl,PHP,Python,R,Ruby,Rust,Scala,Swift,TypeScript,VBA,Visual Basic
2004,30.37,8.65,0,0,0.16,2.11,0.19,7.38,18.75,2.53,0.39,0.33,0.08,0.03,0,0,1.44,8.56
2004,29.99,8.78,0,0,0.15,2.05,0.18,7.11,19.26,2.64,0.41,0.4,0.09,0.03,0,0,1.46,8.57
2004,29.71,8.7,0,0,0.19,2.11,0.19,7.03,19.49,2.72,0.4,0.41,0.1,0.03,0,0,1.55,8.41
2004,29.12,8.47,0,0,0.22,2.24,0.2,7.17,19.34,2.92,0.42,0.46,0.11,0.04,0,0,1.61,8.49
2004,29.59,8.51,0,0,0.23,2.21,0.22,7.06,19.43,2.84,0.41,0.45,0.13,0.04,0,0,1.5,8.24
2004,29.76,8.55,0,0,0.21,2.14,0.21,7.05,19.73,2.71,0.4,0.42,0.13,0.04,0,0,1.46,8.08
2005,29.68,8.37,0,0,0.24,2.22,0.19,7,19.81,2.91,0.39,0.47,0.15,0.03,0,0,1.51,7.79
2005,30.29,8.12,0,0,0.25,2.31,0.18,6.92,19.63,2.87,0.38,0.45,0.15,0.03,0,0,1.45,7.67
2005,30.2,8.28,0,0,0.23,2.36,0.15,6.87,19.54,2.81,0.42,0.46,0.13,0.03,0,0,1.44,7.68
2005,30.55,8.39,0,0,0.22,2.21,0.13,6.73,19.93,2.78,0.4,0.43,0.11,0.02,0,0,1.36,7.52
2005,30.25,8.25,0,0,0.23,2.23,0.13,6.75,19.87,2.88,0.41,0.47,0.09,0.02,0,0,1.47,7.66
2005,30.4,8.35,0,0,0.24,2.29,0.12,6.57,19.79,2.95,0.41,0.55,0.1,0.01,0,0,1.55,7.58
2005,30.36,8.42,0,0,0.21,2.28,0.13,6.48,19.5,2.98,0.44,0.62,0.11,0.01,0,0,1.59,7.53
2005,30.29,8.63,0,0,0.21,2.12,0.11,6.53,19.67,3.13,0.44,0.66,0.12,0.02,0,0,1.61,7.43
2005,30.23,8.37,0,0,0.26,2.05,0.13,6.59,19.87,3.28,0.45,0.79,0.18,0.01,0,0,1.6,7.28
2005,30.18,8.17,0,0,0.28,2.19,0.14,6.61,19.66,3.47,0.49,0.95,0.16,0.01,0,0,1.69,7.21
2005,30.24,8.23,0,0,0.3,2.27,0.13,6.55,19.59,3.64,0.51,1.1,0.17,0.01,0,0,1.64,6.92
2005,29.88,8.13,0,0,0.32,2.36,0.11,6.57,19.35,3.89,0.53,1.24,0.16,0.01,0,0,1.66,6.92
2006,29.8,8.12,0,0,0.35,2.33,0.11,6.34,19.73,3.97,0.51,1.37,0.15,0.02,0,0,1.61,6.9
2006,29.83,7.98,0,0,0.37,2.42,0.13,6.12,19.55,3.96,0.56,1.58,0.14,0.02,0,0,1.68,6.75
2006,30.11,8.04,0,0,0.34,2.55,0.11,5.91,19.55,3.94,0.53,1.68,0.09,0.02,0,0,1.65,6.67
2006,30.16,8.11,0,0,0.35,2.46,0.1,5.78,19.97,3.81,0.53,1.78,0.09,0.03,0,0,1.54,6.52
2006,30.23,8.29,0,0,0.35,2.29,0.1,5.54,20.35,3.71,0.52,1.9,0.07,0.03,0,0,1.51,6.47
2006,30.43,8.41,0,0,0.36,2.23,0.11,5.37,20.64,3.67,0.53,1.91,0.07,0.03,0,0,1.49,6.31
2006,30.44,8.44,0,0,0.4,2.32,0.13,5.42,20.51,3.58,0.56,1.92,0.08,0.02,0,0,1.48,6.25
2006,30.27,8.4,0,0,0.39,2.27,0.12,5.45,20.6,3.65,0.51,2.08,0.08,0.02,0,0.01,1.51,6.2
2006,30.07,8.38,0,0,0.44,2.14,0.13,5.52,20.52,3.8,0.53,2.2,0.09,0.02,0,0.01,1.58,6.06
2006,29.89,8.41,0,0,0.45,2.19,0.14,5.48,20.24,3.92,0.54,2.28,0.09,0.02,0,0.01,1.7,6.03
2006,29.97,8.47,0,0,0.44,2.26,0.14,5.42,20.1,3.96,0.53,2.3,0.09,0.02,0,0.01,1.76,5.91
2006,30.06,8.37,0,0,0.47,2.29,0.14,5.4,19.95,3.98,0.57,2.37,0.09,0.02,0,0.01,1.71,5.85
2007,30.1,8.39,0,0,0.42,2.26,0.11,5.42,19.88,4.15,0.57,2.51,0.08,0.02,0,0.01,1.73,5.67
2007,30.28,8.41,0,0,0.42,2.4,0.13,5.21,19.57,4.34,0.62,2.49,0.1,0.03,0,0,1.65,5.61
2007,30.63,8.37,0,0,0.37,2.43,0.11,4.88,19.86,4.3,0.62,2.49,0.1,0.02,0,0,1.63,5.7
2007,30.51,8.39,0,0,0.35,2.51,0.12,4.82,20.05,4.39,0.6,2.63,0.11,0.03,0,0,1.6,5.68
2007,30.49,8.29,0,0,0.37,2.53,0.12,4.79,20.32,4.42,0.63,2.63,0.11,0.05,0,0,1.56,5.59
2007,30.6,8.37,0,0,0.3,2.4,0.12,4.79,20.35,4.48,0.58,2.77,0.11,0.06,0,0,1.62,5.56
2007,30.63,8.5,0,0,0.33,2.39,0.12,4.66,20.33,4.35,0.59,2.81,0.11,0.06,0,0,1.66,5.59
2007,30.8,8.61,0,0,0.36,2.25,0.11,4.59,20.84,4.19,0.58,2.79,0.07,0.07,0,0,1.66,5.31
2007,30.71,8.59,0,0,0.35,2.22,0.11,4.76,20.77,4.22,0.62,2.81,0.07,0.08,0,0,1.65,5.14
2007,30.77,8.57,0,0,0.37,2.16,0.1,4.76,20.46,4.27,0.69,2.78,0.06,0.09,0,0,1.66,5.13
2007,30.69,8.45,0,0,0.37,2.21,0.1,4.82,19.92,4.48,0.74,2.85,0.07,0.08,0,0,1.68,5.3
2007,30.54,8.38,0,0,0.4,2.33,0.12,4.78,19.65,4.66,0.81,2.82,0.07,0.09,0,0,1.69,5.27
2008,30.68,8.17,0,0,0.39,2.39,0.13,4.62,19.76,4.85,0.8,2.87,0.07,0.11,0,0,1.67,5.18
2008,30.44,8.02,0,0,0.41,2.49,0.13,4.53,19.66,4.98,0.85,2.85,0.08,0.11,0,0,1.69,5.28
2008,30.38,8.18,0,0,0.43,2.55,0.14,4.38,19.3,5.09,0.86,2.9,0.08,0.12,0,0,1.71,5.38
2008,30.61,8.16,0,0,0.42,2.55,0.13,4.25,19.36,5.06,0.83,2.9,0.07,0.12,0,0,1.75,5.22
2008,30.38,8.32,0,0,0.41,2.53,0.14,4.14,19.57,5.09,0.79,2.91,0.06,0.12,0,0,1.77,5.12
2008,30.3,8.25,0,0,0.44,2.54,0.15,3.98,19.66,5.02,0.77,2.94,0.08,0.15,0,0,1.77,5.1
2008,30.06,8.2,0,0,0.45,2.55,0.15,4.04,19.57,5.06,0.81,2.85,0.07,0.15,0,0,1.74,5.12
2008,29.82,8.01,0,0,0.46,2.57,0.18,4.08,19.46,5.2,0.8,2.93,0.09,0.16,0,0,1.79,5.29
2008,29.58,7.87,0,0,0.46,2.55,0.18,4.09,19.66,5.27,0.83,2.87,0.08,0.15,0,0,1.75,5.18
2008,28.92,7.88,0,0,0.45,2.68,0.19,4.15,19.53,5.6,0.87,2.84,0.08,0.16,0,0,1.65,5.35
2008,28.91,7.77,0,0,0.45,2.73,0.17,4.17,19.33,5.75,0.85,2.78,0.08,0.16,0,0,1.68,5.37
2008,28.8,7.79,0,0,0.42,2.78,0.16,4.22,19.22,5.94,0.91,2.71,0.08,0.13,0,0,1.69,5.32
2009,28.47,8.05,0,0,0.43,2.72,0.16,4.16,18.97,6.26,0.93,2.7,0.1,0.13,0,0,1.72,5.43
2009,28.45,8,0,0,0.42,2.81,0.14,4.17,18.79,6.3,0.97,2.67,0.1,0.13,0,0,1.69,5.44
2009,28.37,7.94,0,0,0.46,3,0.15,4.2,18.51,6.41,1,2.68,0.12,0.15,0,0,1.82,5.49
2009,28.54,7.82,0,0,0.48,2.88,0.14,4.17,18.69,6.35,1.02,2.65,0.12,0.15,0,0,1.88,5.48
2009,28.47,7.67,0,0,0.5,2.87,0.16,4.1,18.86,6.39,1.08,2.65,0.12,0.18,0,0,1.94,5.46
2009,28.23,7.79,0,0,0.51,2.89,0.16,4.1,19.16,6.43,1.06,2.66,0.11,0.19,0,0,2.01,5.45
2009,27.92,7.53,0,0,0.51,3.08,0.16,4.15,19.12,6.54,1.05,2.65,0.09,0.18,0,0,2.16,5.4
2009,27.66,7.66,0,0,0.5,2.97,0.16,4.09,19.25,6.67,1.05,2.64,0.09,0.2,0,0,2.21,5.4
2009,27.67,7.7,0,0,0.47,2.87,0.16,4.04,19.3,6.67,1.03,2.6,0.07,0.21,0,0,2.17,5.39
2009,27.68,7.62,0,0,0.46,2.99,0.15,3.98,19.11,6.8,1.06,2.66,0.07,0.22,0,0,2.21,5.35
2009,27.7,7.65,0,0,0.45,3.03,0.16,3.96,18.93,6.83,1.04,2.61,0.07,0.2,0,0,2.23,5.37
2009,27.8,7.47,0,0,0.46,3.12,0.17,3.86,18.66,6.8,1.07,2.56,0.08,0.21,0,0,2.29,5.41
2010,28.19,7.45,0,0,0.5,3.04,0.22,3.71,18.63,6.57,1.13,2.54,0.09,0.23,0,0,2.22,5.37
2010,28.44,7.32,0,0,0.49,3.21,0.25,3.66,18.46,6.47,1.1,2.44,0.09,0.22,0,0,2.23,5.35
2010,28.45,7.31,0,0,0.49,3.31,0.25,3.53,18.31,6.44,1.18,2.36,0.1,0.21,0,0,2.31,5.41
2010,28.57,7.42,0,0,0.49,3.3,0.27,3.37,18.27,6.28,1.14,2.2,0.1,0.21,0,0,2.31,5.38
2010,28.48,7.32,0,0,0.51,3.34,0.28,3.27,18.18,6.21,1.22,2.2,0.11,0.22,0,0,2.37,5.33
2010,28.44,7.37,0,0,0.5,3.3,0.28,3.27,18,6.25,1.2,2.18,0.1,0.21,0,0,2.36,5.35
2010,28.18,7.31,0,0,0.49,3.46,0.34,3.29,17.87,6.25,1.18,2.17,0.1,0.21,0,0,2.46,5.43
2010,28.52,7.22,0,0,0.47,3.36,0.39,3.24,17.64,6.22,1.22,2.23,0.08,0.21,0,0,2.57,5.31
2010,28.55,7.15,0,0,0.48,3.3,0.48,3.2,17.43,6.34,1.18,2.33,0.09,0.22,0,0,2.57,5.2
2010,28.42,6.93,0,0,0.5,3.34,0.61,3.15,17.09,6.44,1.24,2.48,0.09,0.23,0,0,2.64,5.2
2010,28.53,6.91,0,0,0.49,3.42,0.73,3.1,16.7,6.5,1.25,2.53,0.08,0.23,0,0,2.57,5.21
2010,28.39,6.79,0,0,0.48,3.45,0.98,3,16.45,6.58,1.33,2.65,0.09,0.24,0,0,2.49,5.21
2011,28.78,6.89,0,0,0.47,3.27,1.06,2.82,16.4,6.73,1.34,2.65,0.07,0.26,0,0,2.35,5.04
2011,28.51,7,0,0,0.46,3.39,1.24,2.69,16.4,6.94,1.3,2.58,0.07,0.25,0,0,2.14,4.97
2011,28.41,7.02,0,0,0.45,3.47,1.39,2.59,16.38,6.99,1.3,2.58,0.06,0.24,0,0,2.09,4.99
2011,28.45,7.13,0,0,0.44,3.36,1.54,2.59,16.43,6.91,1.31,2.51,0.06,0.24,0,0,2.02,4.99
2011,28.46,7.21,0,0,0.45,3.18,1.7,2.46,16.58,6.98,1.32,2.5,0.07,0.25,0,0,1.93,4.96
2011,28.48,7.23,0,0,0.47,3.12,1.78,2.48,16.68,6.95,1.31,2.6,0.05,0.26,0,0,1.94,4.84
2011,28.38,7.1,0,0,0.48,3.15,1.97,2.44,16.64,6.95,1.31,2.6,0.06,0.25,0,0,1.95,4.83
2011,28.38,7.08,0,0,0.5,3.03,2.09,2.48,16.45,6.94,1.36,2.68,0.06,0.29,0,0,2.06,4.83
2011,28.42,7.09,0,0,0.5,2.86,2.23,2.5,16.4,7.03,1.38,2.59,0.06,0.3,0,0,2.03,4.72
2011,28.35,7.14,0,0,0.49,2.87,2.29,2.42,16.28,7.26,1.4,2.59,0.05,0.32,0,0,2.01,4.58
2011,27.98,7.14,0,0,0.49,2.93,2.7,2.46,16.05,7.42,1.42,2.62,0.05,0.34,0,0,2.13,4.44
2011,28.03,7.25,0,0,0.47,2.98,3,2.32,15.88,7.74,1.45,2.46,0.06,0.33,0,0,2.16,4.33
2012,27.86,7.3,0,0,0.48,3.02,3.41,2.31,15.74,7.84,1.45,2.44,0.06,0.34,0,0,2.18,4.19
2012,27.59,7.28,0.01,0,0.52,3.09,3.72,2.31,15.69,7.9,1.5,2.46,0.07,0.33,0,0,2.23,4.05
2012,27.63,7.21,0.03,0,0.54,3.19,3.88,2.24,15.46,8.03,1.53,2.53,0.06,0.34,0,0,2.29,4.05
2012,27.46,7.17,0.05,0,0.59,3.27,4.26,2.24,15.2,8.08,1.58,2.62,0.07,0.36,0,0,2.4,3.99
2012,27.68,7.06,0.08,0,0.64,3.29,4.21,2.25,15.23,8.1,1.59,2.65,0.07,0.35,0,0,2.37,3.91
2012,27.42,6.99,0.1,0,0.64,3.24,4.4,2.23,15.3,8.07,1.58,2.71,0.07,0.36,0,0,2.34,3.9
2012,27.41,6.9,0.13,0,0.66,3.18,4.4,2.21,15.15,8.1,1.69,2.76,0.08,0.4,0,0,2.35,3.86
2012,27.28,6.99,0.14,0,0.65,3.13,4.51,2.15,14.91,8.21,1.74,2.75,0.07,0.41,0,0,2.3,3.89
2012,27.13,7.01,0.15,0.01,0.69,3.08,4.64,2.16,14.8,8.23,1.77,2.76,0.08,0.42,0,0,2.24,3.8
2012,27.12,7.04,0.14,0.01,0.68,3,4.75,2.11,14.96,8.28,1.77,2.69,0.08,0.4,0,0,2.07,3.78
2012,26.88,7.12,0.14,0.01,0.67,3.01,4.9,2.06,14.76,8.35,1.83,2.77,0.09,0.41,0,0.02,2.07,3.73
2012,26.85,7.1,0.14,0.01,0.68,3.07,4.91,2.11,14.5,8.44,1.88,2.77,0.1,0.41,0,0.03,2.07,3.68
2013,26.7,7.15,0.14,0.01,0.7,3.09,5.06,2.08,14.37,8.62,1.89,2.81,0.09,0.41,0,0.04,1.96,3.7
2013,26.91,7.08,0.13,0.01,0.69,3.07,5.18,2.01,14.4,8.87,1.88,2.76,0.09,0.41,0,0.05,1.82,3.65
2013,26.77,7.12,0.13,0.01,0.69,3.12,5.4,1.92,14.37,9,1.9,2.72,0.09,0.43,0,0.08,1.82,3.6
2013,26.65,7.22,0.14,0.01,0.7,3.21,5.41,1.91,14.18,9.17,1.97,2.74,0.09,0.45,0,0.09,1.83,3.48
2013,26.46,7.35,0.13,0,0.71,3.2,5.4,1.91,14.27,9.36,1.98,2.68,0.08,0.46,0,0.08,1.74,3.38
2013,26.41,7.55,0.12,0,0.7,3.17,5.37,1.83,14.32,9.56,1.99,2.72,0.07,0.46,0,0.08,1.63,3.25
2013,26.53,7.62,0.12,0,0.68,3.13,5.32,1.82,14.31,9.71,1.95,2.66,0.08,0.46,0,0.08,1.62,3.19
2013,26.36,7.76,0.13,0,0.68,3.14,5.36,1.87,14.08,9.67,2,2.76,0.08,0.5,0,0.1,1.64,3.09
2013,26.41,7.76,0.14,0.01,0.66,3.09,5.36,1.86,13.97,9.85,2.06,2.78,0.08,0.52,0,0.09,1.62,3.03
2013,26.2,7.6,0.15,0,0.66,3.01,5.88,1.85,13.83,9.85,2.09,2.86,0.09,0.55,0,0.1,1.62,3.06
2013,26.54,7.48,0.15,0,0.61,3,6.14,1.79,13.6,9.89,2.09,2.75,0.08,0.56,0,0.1,1.57,3.09
2013,26.47,7.34,0.15,0,0.6,3.01,6.36,1.76,13.36,9.82,2.12,2.69,0.09,0.62,0,0.1,1.64,3.13
2014,26.26,7.36,0.16,0,0.6,3.04,6.5,1.71,13.18,9.95,2.17,2.71,0.12,0.65,0,0.11,1.67,3.03
2014,26.22,7.38,0.17,0,0.62,3.07,6.65,1.51,13.08,10.02,2.18,2.6,0.2,0.67,0.06,0.12,1.69,2.93
2014,25.9,7.6,0.18,0,0.61,3.13,6.9,1.35,12.95,9.94,2.21,2.6,0.26,0.67,0.12,0.11,1.69,2.95
2014,26.22,7.7,0.19,0,0.61,3.08,6.52,1.18,13,10.06,2.19,2.54,0.27,0.65,0.19,0.11,1.7,2.85
2014,25.99,7.81,0.19,0,0.66,3.04,6.48,1.03,13,10.14,2.21,2.61,0.3,0.69,0.25,0.12,1.71,2.79
2014,26.11,7.82,0.19,0,0.66,2.99,6.44,0.89,13.04,10.27,2.3,2.61,0.32,0.66,0.32,0.12,1.67,2.72
2014,26.19,7.81,0.19,0,0.63,2.96,6.42,0.88,12.95,10.17,2.3,2.63,0.3,0.65,0.69,0.11,1.67,2.69
2014,26.4,7.66,0.18,0,0.59,2.9,6.34,0.99,12.97,10.28,2.3,2.65,0.24,0.65,0.97,0.11,1.65,2.62
2014,26.33,7.57,0.17,0,0.59,2.83,6.2,1.17,12.86,10.27,2.4,2.66,0.21,0.69,1.24,0.11,1.63,2.56
2014,26.16,7.49,0.17,0,0.56,2.88,6.27,1.23,12.63,10.44,2.41,2.61,0.2,0.71,1.55,0.1,1.56,2.48
2014,26.15,7.39,0.17,0,0.5,2.93,6.37,1.26,12.4,10.56,2.49,2.54,0.17,0.69,1.91,0.1,1.56,2.42
2014,25.9,7.36,0.17,0,0.51,2.98,6.34,1.41,12.09,10.58,2.51,2.56,0.18,0.73,2.32,0.1,1.54,2.45
2015,25.75,7.36,0.19,0,0.54,3.05,6.25,1.37,12,10.71,2.59,2.56,0.19,0.73,2.42,0.1,1.51,2.42
2015,25.5,7.39,0.18,0,0.55,3.09,6.23,1.33,11.83,10.84,2.69,2.53,0.2,0.71,2.51,0.11,1.48,2.47
2015,25.52,7.32,0.18,0,0.52,3.2,6.15,1.27,11.79,11.1,2.7,2.52,0.19,0.72,2.6,0.11,1.46,2.39
2015,25.32,7.37,0.2,0,0.54,3.23,5.99,1.32,11.74,11.12,2.79,2.57,0.2,0.74,2.66,0.14,1.51,2.39
2015,25.3,7.45,0.19,0,0.54,3.22,5.8,1.36,11.82,11.13,2.8,2.61,0.21,0.77,2.65,0.15,1.51,2.36
2015,25.34,7.5,0.18,0,0.51,3.21,5.74,1.31,11.83,11.2,2.85,2.62,0.21,0.77,2.66,0.17,1.53,2.24
2015,25.43,7.47,0.16,0,0.5,3.1,5.7,1.29,11.84,11.34,2.87,2.61,0.21,0.81,2.72,0.18,1.54,2.18
2015,25.33,7.54,0.16,0,0.49,3,5.68,1.34,11.83,11.35,2.9,2.66,0.2,0.85,2.77,0.2,1.6,2.13
2015,25.46,7.5,0.16,0,0.49,2.9,5.65,1.33,11.71,11.46,2.88,2.65,0.21,0.88,2.81,0.22,1.61,2.06
2015,25.55,7.54,0.15,0,0.5,2.8,5.67,1.27,11.61,11.58,2.91,2.66,0.21,0.9,2.93,0.23,1.6,2.01
2015,25.48,7.44,0.16,0,0.52,2.8,5.63,1.28,11.37,11.73,3.01,2.64,0.22,0.93,3.08,0.24,1.63,2.03
2015,25.37,7.5,0.17,0,0.52,2.83,5.56,1.28,11.33,11.94,3.02,2.58,0.21,0.96,3.13,0.25,1.61,1.99
2016,25.24,7.65,0.19,0,0.53,2.89,5.58,1.28,11.15,11.98,3.06,2.52,0.22,0.97,3.12,0.3,1.6,1.94
2016,24.97,7.63,0.19,0.01,0.53,2.95,5.58,1.21,11.06,12.3,3.08,2.47,0.24,1.04,3.25,0.34,1.55,1.9
2016,24.71,7.76,0.19,0.02,0.52,3,5.56,1.15,11.1,12.62,3.17,2.44,0.24,1.04,3.3,0.36,1.53,1.91
2016,24.51,7.74,0.2,0.03,0.53,3.08,5.53,1.15,11.1,12.8,3.25,2.39,0.25,1.05,3.34,0.42,1.52,1.88
2016,24.45,7.75,0.19,0.04,0.5,3.06,5.5,1.07,11.18,12.94,3.29,2.39,0.24,1.04,3.45,0.48,1.48,1.8
2016,24.23,7.8,0.2,0.05,0.53,2.96,5.55,1,11.13,13.32,3.34,2.33,0.26,1.03,3.45,0.55,1.43,1.73
2016,23.96,7.76,0.17,0.07,0.51,2.92,5.45,0.95,11.02,13.68,3.45,2.35,0.27,1.03,3.53,0.58,1.43,1.71
2016,24.01,7.72,0.19,0.08,0.51,2.84,5.38,0.92,10.9,13.87,3.48,2.35,0.27,0.99,3.51,0.62,1.43,1.68
2016,23.92,7.73,0.19,0.09,0.53,2.76,5.34,0.9,10.79,14.04,3.46,2.32,0.28,0.97,3.58,0.66,1.43,1.63
2016,23.77,7.75,0.2,0.1,0.51,2.72,5.34,0.87,10.58,14.31,3.51,2.32,0.29,1.01,3.57,0.74,1.45,1.63
2016,23.38,7.93,0.2,0.11,0.54,2.71,5.31,0.85,10.37,14.7,3.53,2.25,0.32,1.07,3.45,0.81,1.46,1.61
2016,23.29,8,0.2,0.12,0.51,2.71,5.15,0.85,10.21,14.98,3.55,2.2,0.33,1.09,3.54,0.86,1.44,1.61
2017,23.08,8.1,0.22,0.12,0.5,2.69,5.18,0.85,10.16,15.31,3.54,2.18,0.33,1.13,3.5,0.92,1.41,1.59
2017,22.71,8.09,0.22,0.12,0.51,2.79,5.04,0.85,10.05,15.68,3.64,2.15,0.34,1.16,3.53,1,1.42,1.59
2017,22.52,8.17,0.22,0.12,0.5,2.76,4.86,0.85,9.93,16.17,3.75,2.11,0.35,1.21,3.52,1.07,1.39,1.57
2017,22.31,8.29,0.21,0.12,0.5,2.7,4.71,0.83,9.91,16.59,3.85,2.05,0.35,1.23,3.47,1.09,1.36,1.52
2017,22.19,8.34,0.22,0.12,0.49,2.66,4.58,0.84,9.8,16.85,3.97,2.05,0.34,1.24,3.5,1.14,1.37,1.47
2017,21.88,8.33,0.21,0.28,0.49,2.61,4.54,0.84,9.57,17.23,4.07,2.11,0.36,1.3,3.47,1.19,1.42,1.46
2017,21.79,8.35,0.24,0.42,0.51,2.58,4.4,0.84,9.26,17.54,4.16,2.05,0.36,1.34,3.52,1.24,1.47,1.44
2017,21.93,8.46,0.24,0.52,0.48,2.46,4.31,0.82,9.02,17.88,4.22,2.03,0.38,1.37,3.51,1.28,1.46,1.38
2017,21.94,8.44,0.25,0.6,0.45,2.39,4.25,0.81,8.82,18.19,4.25,1.99,0.38,1.37,3.47,1.32,1.49,1.34
2017,21.91,8.35,0.27,0.7,0.44,2.38,4.15,0.81,8.59,18.67,4.16,1.97,0.39,1.35,3.49,1.38,1.51,1.29
2017,21.95,8.27,0.27,0.85,0.42,2.3,4.12,0.81,8.38,19.18,4.14,1.92,0.42,1.33,3.45,1.39,1.51,1.3
2017,22.16,8.29,0.26,0.82,0.41,2.28,4.02,0.81,8.36,19.7,4.17,1.82,0.39,1.27,3.32,1.39,1.49,1.27
2018,22.11,8.24,0.22,0.81,0.4,2.28,3.91,0.79,8.31,20.26,4.22,1.8,0.38,1.23,3.19,1.42,1.44,1.25
2018,21.96,8.26,0.21,0.83,0.41,2.32,3.82,0.82,8.29,20.75,4.18,1.75,0.37,1.2,3.07,1.43,1.43,1.27
2018,21.98,8.25,0.19,0.89,0.4,2.35,3.75,0.8,8.14,21.21,4.19,1.75,0.36,1.18,2.99,1.47,1.4,1.27
2018,22.03,8.32,0.18,0.93,0.4,2.29,3.63,0.78,8.1,21.68,4.21,1.7,0.36,1.16,2.88,1.46,1.37,1.25
2018,21.94,8.34,0.17,0.9,0.4,2.27,3.5,0.78,8.08,22.3,4.18,1.66,0.34,1.17,2.8,1.46,1.37,1.23
2018,21.87,8.41,0.18,0.92,0.42,2.25,3.4,0.76,7.93,22.62,4.1,1.66,0.36,1.18,2.75,1.47,1.38,1.22
2018,21.82,8.45,0.18,0.93,0.38,2.18,3.33,0.75,7.84,23.06,4.06,1.62,0.35,1.2,2.76,1.48,1.4,1.2
2018,21.87,8.43,0.17,0.98,0.36,2.11,3.27,0.74,7.66,23.48,4.03,1.58,0.35,1.2,2.7,1.49,1.42,1.17
2018,21.66,8.37,0.22,0.99,0.37,2.05,3.26,0.72,7.57,23.71,4.03,1.6,0.36,1.22,2.69,1.51,1.44,1.14
2018,21.57,8.34,0.23,1.01,0.37,2.01,3.22,0.71,7.42,24.17,3.97,1.59,0.35,1.22,2.62,1.49,1.46,1.14
2018,21.41,8.29,0.24,1.07,0.38,1.99,3.16,0.67,7.25,24.6,3.95,1.57,0.36,1.22,2.6,1.54,1.46,1.15
2018,21.2,8.17,0.25,1.1,0.39,1.99,3.17,0.68,7.24,24.75,3.99,1.54,0.38,1.2,2.62,1.57,1.43,1.14
2019,21.12,8.19,0.27,1.12,0.4,1.99,3.08,0.66,7.21,25.16,3.96,1.5,0.43,1.16,2.51,1.54,1.39,1.11
2019,20.87,8.13,0.27,1.13,0.4,1.98,3.02,0.63,7.2,25.62,3.96,1.48,0.44,1.16,2.47,1.57,1.38,1.13
2019,20.67,8.16,0.25,1.15,0.41,2.02,2.89,0.64,7.15,26.2,3.94,1.41,0.47,1.13,2.41,1.59,1.34,1.15
2019,20.55,8.22,0.24,1.17,0.4,1.98,2.81,0.63,7.11,26.65,3.93,1.36,0.5,1.11,2.39,1.61,1.31,1.12
2019,20.32,8.26,0.25,1.2,0.38,1.99,2.79,0.62,7.03,26.91,3.99,1.36,0.56,1.11,2.36,1.62,1.29,1.09
2019,20.14,8.27,0.25,1.3,0.36,1.93,2.73,0.6,6.85,27.54,3.94,1.35,0.55,1.11,2.32,1.66,1.29,1.06
2019,19.9,8.17,0.25,1.38,0.38,1.88,2.72,0.59,6.67,27.99,3.86,1.36,0.55,1.1,2.39,1.74,1.28,1.07
2019,19.72,8.14,0.26,1.44,0.38,1.84,2.63,0.59,6.49,28.3,3.84,1.4,0.63,1.1,2.41,1.78,1.32,1.05
2019,19.45,8.07,0.28,1.55,0.37,1.79,2.64,0.55,6.37,28.59,3.8,1.43,0.67,1.1,2.44,1.8,1.33,1.02
2019,19.17,8.06,0.27,1.61,0.36,1.82,2.66,0.55,6.24,28.8,3.82,1.43,0.65,1.09,2.45,1.83,1.33,0.99
2019,19.1,8.07,0.28,1.66,0.35,1.78,2.61,0.56,6.14,29.04,3.73,1.41,0.62,1.05,2.45,1.85,1.33,0.97
2019,18.94,8.01,0.27,1.64,0.32,1.81,2.58,0.53,6.17,29.12,3.74,1.39,0.65,1.07,2.46,1.86,1.37,0.97
2020,18.79,8.12,0.27,1.66,0.31,1.83,2.52,0.54,6.22,29.23,3.8,1.36,0.68,1.04,2.41,1.83,1.38,0.94
2020,18.59,8.12,0.28,1.7,0.32,1.8,2.54,0.51,6.31,29.46,3.9,1.32,0.66,1.04,2.33,1.84,1.31,0.92
2020,18.35,8.15,0.27,1.66,0.3,1.82,2.51,0.5,6.31,29.88,3.96,1.28,0.65,1.03,2.26,1.85,1.32,0.9
2020,18.21,8.04,0.28,1.7,0.32,1.8,2.48,0.46,6.34,30.29,3.89,1.24,0.74,1.06,2.28,1.85,1.32,0.88
2020,17.61,8.09,0.32,1.7,0.36,1.84,2.49,0.44,6.22,30.77,3.97,1.22,0.8,1.01,2.39,1.84,1.29,0.88
2020,17.12,8.23,0.36,1.69,0.41,1.81,2.52,0.45,6.02,31.37,4.14,1.18,0.93,0.98,2.38,1.78,1.26,0.87
2020,16.99,8.22,0.36,1.67,0.46,1.81,2.54,0.42,5.83,31.68,4.16,1.22,0.99,1.01,2.33,1.75,1.23,0.85
2020,16.86,8.38,0.34,1.66,0.55,1.86,2.52,0.45,5.77,31.73,4.05,1.21,1.05,0.97,2.45,1.68,1.23,0.76
2020,16.89,8.55,0.34,1.7,0.6,1.8,2.48,0.47,5.79,31.6,4.08,1.2,1.13,0.98,2.55,1.66,1.13,0.72
2020,16.55,8.67,0.33,1.61,0.6,1.71,3.39,0.49,5.69,31.21,4.1,1.21,1.16,0.91,2.49,1.63,1.09,0.71
2020,17.12,8.63,0.29,1.55,0.6,1.73,3.63,0.47,5.79,30.8,3.92,1.25,1.15,0.97,2.33,1.65,1.02,0.68
2020,17.23,8.65,0.33,1.44,0.55,1.77,3.75,0.46,5.88,30.34,3.84,1.28,1.12,0.97,2.17,1.62,1.05,0.67